product_url,product_price,product_specs,product_desc,product_pmode,product_name
http://www.flipkart.com/karbonn-titanium-s4-plus/p/itme5hx35k47zxzz?pid=MOBEF87CHXRH2HH8&ref=c2489b79-4767-41cd-bdb6-c6f6ea027213&srno=b_295,"Rs. 5,985",,,,Karbonn Titanium S4 Plus
http://www.flipkart.com/adcom-x9/p/itmdw3wafezdmksn?pid=MOBDW88FMZFUNKHE&ref=c2489b79-4767-41cd-bdb6-c6f6ea027213&srno=b_313,Rs. 775,,,,Adcom X9
http://www.flipkart.com/moto-turbo/p/itme45h87vyhb3mg,"Rs. 41,999",,,,Moto Turbo
http://www.flipkart.com/gionee-marathon-m3/p/itme3fkbmrhqsmqs?pid=MOBE3FK8GEGBM5ST&ref=c2489b79-4767-41cd-bdb6-c6f6ea027213&srno=b_314,"Rs. 12,001",,,,Gionee Marathon M3
http://www.flipkart.com/lenovo-a369i/p/itme3yh6xtvb3wky?pid=MOBE3YH5EH2UKDH2&primarySection=SELLER_TABLE&ref=c2489b79-4767-41cd-bdb6-c6f6ea027213&sellersSortedBy=PRICE&srno=b_312,"Rs. 3,601",,,,Lenovo A369i
http://www.flipkart.com/lenovo-a369i/p/itme3yh6xtvb3wky?pid=MOBE3YH5EH2UKDH2&ref=c2489b79-4767-41cd-bdb6-c6f6ea027213&srno=b_312,"Rs. 3,601",,,,Lenovo A369i
http://www.flipkart.com/karbonn-a100/p/itmdyygypfjjs34x?pid=MOBDYYFYY5YGF7GZ&ref=998077e8-be13-4cfb-9060-bef2ec260958&srno=b_231,"Rs. 2,479",,,,Karbonn A100
http://www.flipkart.com/htc-desire-516/p/itme5kwhpjvncqff?pid=MOBDXUUQEHQ39VEB&ref=c2489b79-4767-41cd-bdb6-c6f6ea027213&srno=b_311,"Rs. 9,915",,,,HTC Desire 516
http://www.flipkart.com/nokia-108/p/itme5hwvqzzq2zfn?pid=MOBDPGRZPZRKVM5A&ref=998077e8-be13-4cfb-9060-bef2ec260958&srno=b_250,"Rs. 1,859",,,,Nokia 108
http://www.flipkart.com/htc-desire-516/p/itme5kwhpjvncqff?pid=MOBDXUUQEHQ39VEB&primarySection=SELLER_TABLE&ref=c2489b79-4767-41cd-bdb6-c6f6ea027213&sellersSortedBy=PRICE&srno=b_311,"Rs. 9,915",,,,HTC Desire 516
http://www.flipkart.com/blackberry-q5/p/itme5hvuz2jrurub?pid=MOBDMS6YFQPK6WXS&ref=9bf645fa-b18a-463c-a98e-4e4269d5d4ab&srno=b_274,"Rs. 13,574",,,,BlackBerry Q5
http://www.flipkart.com/xolo-q1010i/p/itme5hvzmq3qgpwz?pid=MOBDYZ9HAZKGMYUS&ref=07c0a411-1c49-4934-bdeb-97e348feba16&srno=b_355,"Rs. 7,550",,,,XOLO Q1010i
http://www.flipkart.com/maxcell-m105/p/itme2egfygpfxg8g?pid=MOBE2EGF7YDFM29M&ref=8db27424-8071-4304-8b81-4bfab9038273&srno=b_316,Rs. 739,,,,Maxcell M105
http://www.flipkart.com/spice-flo-rainbow-m-6111/p/itmdx8mgfatfraqz?pid=MOBDX8MFDETZWFZX&ref=07c0a411-1c49-4934-bdeb-97e348feba16&srno=b_354,"Rs. 2,449",,,,Spice Flo Rainbow M-6111
http://www.flipkart.com/moto-e-1st-gen/p/itme5hwms7mzfjr2?pid=MOBDVHC6TH4PZGSM,"Rs. 5,999",,,,Moto E (1st Gen)
http://www.flipkart.com/xolo-a500-club/p/itme5hwgch4h9dqd?pid=MOBDTKHJZPFAHH6D&ref=42742876-f676-4c0e-8163-832d9bde4db9&srno=b_357,"Rs. 4,699",,,,XOLO A500 Club
http://www.flipkart.com/xolo-q1010i/p/itme3h8fcbttpg6e?pid=MOBDV7RXQTJXSCHJ&ref=42742876-f676-4c0e-8163-832d9bde4db9&srno=b_376,"Rs. 7,729",,,,XOLO Q1010i
http://www.flipkart.com/adcom-altra-slim/p/itme39cjyczb8u8u?pid=MOBE39CJYEFGTGMZ&ref=42742876-f676-4c0e-8163-832d9bde4db9&srno=b_373,"Rs. 3,398",,,,Adcom Altra Slim
http://www.flipkart.com/nokia-xl/p/itme5hvxs4dtm6ds?pid=MOBDW76QYGPZGY7Z&primarySection=SELLER_TABLE&ref=42742876-f676-4c0e-8163-832d9bde4db9&sellersSortedBy=PRICE&srno=b_375,"Rs. 8,529",,,,Nokia XL
http://www.flipkart.com/lava-arc-111/p/itme3m7x8pnuepgy?pid=MOBDU5Q6MKXCTJKZ&ref=42742876-f676-4c0e-8163-832d9bde4db9&srno=b_374,"Rs. 1,899",,,,Lava Arc 111
http://www.flipkart.com/micromax-joy-x1850/p/itme4tzg9zge8efj?pid=MOBE4TZGZKGJ3BZF&ref=f6d11cd5-a525-489d-be80-cfc7164ab00f&srno=b_419,Rs. 875,,,,Micromax JOY X1850
http://www.flipkart.com/nokia-asha-501/p/itme5hx9wxadcydu?pid=MOBDHX4WZQUKFGBZ&ref=42742876-f676-4c0e-8163-832d9bde4db9&srno=b_372,"Rs. 3,680",,,,Nokia Asha 501
http://www.flipkart.com/nokia-xl/p/itme5hvxs4dtm6ds?pid=MOBDW76QYGPZGY7Z&ref=42742876-f676-4c0e-8163-832d9bde4db9&srno=b_375,"Rs. 8,529",,,,Nokia XL
http://www.flipkart.com/panasonic-eluga-a/p/itme45xfjyghqvb7?pid=MOBDZYCZSZHFTCQC&ref=f6d11cd5-a525-489d-be80-cfc7164ab00f&srno=b_400,"Rs. 7,129",,,,Panasonic Eluga A
http://www.flipkart.com/samsung-galaxy-star-s5282/p/itmdzkkaqz8qdneu?pid=MOBDH48MF4ZCAFWP&ref=f6d11cd5-a525-489d-be80-cfc7164ab00f&srno=b_417,"Rs. 4,430",,,,Samsung Galaxy Star S5282
http://www.flipkart.com/samsung-galaxy-s4-i9500/p/itmdv6f4bazcv86p?pid=MOBDK7U9KZZKWZ9T&ref=8db27424-8071-4304-8b81-4bfab9038273&srno=b_335,"Rs. 26,999",,,,Samsung Galaxy S4 I9500
http://www.flipkart.com/sansui-s183/p/itmefjkbzkmkxgxn?pid=MOBEFJKBFUGFE7AH&primarySection=SELLER_TABLE&ref=f6d11cd5-a525-489d-be80-cfc7164ab00f&sellersSortedBy=PRICE&srno=b_418,Rs. 949,,,,Sansui S183
http://www.flipkart.com/sansui-s183/p/itmefjkbzkmkxgxn?pid=MOBEFJKBFUGFE7AH&ref=f6d11cd5-a525-489d-be80-cfc7164ab00f&srno=b_418,Rs. 949,,,,Sansui S183
http://www.flipkart.com/spice-gaming-mobile-x-2/p/itmeyw2z4b6tzdgh?pid=MOBEYW2ZF6HMZDNB&primarySection=SELLER_TABLE&ref=f6d11cd5-a525-489d-be80-cfc7164ab00f&sellersSortedBy=PRICE&srno=b_415,"Rs. 1,699",,,,Spice Gaming Mobile X-2
http://www.flipkart.com/spice-gaming-mobile-x-2/p/itmeyw2z4b6tzdgh?pid=MOBEYW2ZF6HMZDNB&ref=f6d11cd5-a525-489d-be80-cfc7164ab00f&srno=b_415,"Rs. 1,699",,,,Spice Gaming Mobile X-2
http://www.flipkart.com/nokia-asha-503/p/itme5hxafnrjjwhn?pid=MOBDS9YNYAQVZMTW&primarySection=SELLER_TABLE&ref=f6d11cd5-a525-489d-be80-cfc7164ab00f&sellersSortedBy=PRICE&srno=b_413,"Rs. 4,439",,,,Nokia Asha 503
http://www.flipkart.com/samsung-galaxy-star-s5282/p/itmdzkkaqz8qdneu?pid=MOBDH48MF4ZCAFWP&primarySection=SELLER_TABLE&ref=f6d11cd5-a525-489d-be80-cfc7164ab00f&sellersSortedBy=PRICE&srno=b_417,"Rs. 4,430",,,,Samsung Galaxy Star S5282
http://www.flipkart.com/sony-xperia-e1-dual/p/itme5hwhx3z8euk3?pid=MOBDUY5YWKJFPZAV&ref=f6d11cd5-a525-489d-be80-cfc7164ab00f&srno=b_414,"Rs. 6,419",,,,Sony Xperia E1 Dual
http://www.flipkart.com/nokia-asha-503/p/itme5hxafnrjjwhn?pid=MOBDS9YNYAQVZMTW&ref=f6d11cd5-a525-489d-be80-cfc7164ab00f&srno=b_413,"Rs. 4,439",,,,Nokia Asha 503
http://www.flipkart.com/htc-one-m8-eye/p/itme5huru2mthhtq?pid=MOBEFMX4HFYACYMG&primarySection=SELLER_TABLE&ref=f6d11cd5-a525-489d-be80-cfc7164ab00f&sellersSortedBy=PRICE&srno=b_416,"Rs. 36,225",,,,HTC One M8 Eye
http://www.flipkart.com/htc-one-m8-eye/p/itme5huru2mthhtq?pid=MOBEFMX4HFYACYMG&ref=f6d11cd5-a525-489d-be80-cfc7164ab00f&srno=b_416,"Rs. 36,225",,,,HTC One M8 Eye
http://www.flipkart.com/forme-love-one/p/itme45wdtqnkskcs?pid=MOBDUDMT3K72B4UQ&ref=f6d11cd5-a525-489d-be80-cfc7164ab00f&srno=b_410,Rs. 787,,,,Forme Love One
http://www.flipkart.com/gionee-m2/p/itmdv6f6v8qn8zgp?pid=MOBDV2V7D9AGKYPZ&primarySection=SELLER_TABLE&ref=f6d11cd5-a525-489d-be80-cfc7164ab00f&sellersSortedBy=PRICE&srno=b_412,"Rs. 9,251",,,,Gionee M2
http://www.flipkart.com/nokia-asha-503/p/itme5hx9yh8kmztf?pid=MOBDS9YNEAYGEMTZ&ref=f6d11cd5-a525-489d-be80-cfc7164ab00f&srno=b_411,"Rs. 4,385",,,,Nokia Asha 503
http://www.flipkart.com/nokia-x/p/itme5hwd69zcs2cm?pid=MOBDWK66ZVZPVGAK&primarySection=SELLER_TABLE&ref=f6d11cd5-a525-489d-be80-cfc7164ab00f&sellersSortedBy=PRICE&srno=b_408,"Rs. 7,101",,,,Nokia X+
http://www.flipkart.com/gionee-m2/p/itmdv6f6v8qn8zgp?pid=MOBDV2V7D9AGKYPZ&ref=f6d11cd5-a525-489d-be80-cfc7164ab00f&srno=b_412,"Rs. 9,251",,,,Gionee M2
http://www.flipkart.com/nokia-x/p/itme5hwd69zcs2cm?pid=MOBDWK66ZVZPVGAK&ref=f6d11cd5-a525-489d-be80-cfc7164ab00f&srno=b_408,"Rs. 7,101",,,,Nokia X+
http://www.flipkart.com/moto-x-2nd-gen/p/itme5hwz4yvdd8w5?pid=MOBDZ3FVCMJ2DYHA&ref=f6d11cd5-a525-489d-be80-cfc7164ab00f&srno=b_407,"Rs. 29,999",,,,Moto X (2nd Gen)
http://www.flipkart.com/maxcell-m205/p/itme2xhf3fmm3df7?pid=MOBE2XHFMGHYWBCY&ref=f6d11cd5-a525-489d-be80-cfc7164ab00f&srno=b_404,Rs. 799,,,,Maxcell M205
http://www.flipkart.com/htc-desire-516c/p/itme24jexnvvyvsb?pid=MOBE24JEZA3NKZNZ&ref=f6d11cd5-a525-489d-be80-cfc7164ab00f&srno=b_405,"Rs. 13,300",,,,HTC Desire 516C
http://www.flipkart.com/nokia-asha-503/p/itme5hx9yh8kmztf?pid=MOBDS9YNEAYGEMTZ&primarySection=SELLER_TABLE&ref=f6d11cd5-a525-489d-be80-cfc7164ab00f&sellersSortedBy=PRICE&srno=b_411,"Rs. 4,385",,,,Nokia Asha 503
http://www.flipkart.com/forme-forever-f520/p/itme45wge3jdkguy?pid=MOBE2H4PNGBRVPJF&ref=f6d11cd5-a525-489d-be80-cfc7164ab00f&srno=b_409,"Rs. 2,297",,,,Forme Forever F520
http://www.flipkart.com/micromax-bolt-a064/p/itme3q7ujze383bt?pid=MOBE3Q7UHAMDBXWK&primarySection=SELLER_TABLE&ref=f6d11cd5-a525-489d-be80-cfc7164ab00f&sellersSortedBy=PRICE&srno=b_403,"Rs. 2,935",,,,Micromax Bolt A064
http://www.flipkart.com/lava-iris-465/p/itme4xhm6nrzz4y5?pid=MOBE4RUDE6GJEG2D&ref=f6d11cd5-a525-489d-be80-cfc7164ab00f&srno=b_406,"Rs. 4,006",,,,Lava Iris 465
http://www.flipkart.com/k-1100/p/itme3g8mfc7tpxdf?pid=MOBEFH68MHYHHHFN&ref=f6d11cd5-a525-489d-be80-cfc7164ab00f&srno=b_402,Rs. 655,,,,A & K A 1100
http://www.flipkart.com/micromax-bolt-a064/p/itme3q7ujze383bt?pid=MOBE3Q7UHAMDBXWK&ref=f6d11cd5-a525-489d-be80-cfc7164ab00f&srno=b_403,"Rs. 2,935",,,,Micromax Bolt A064
http://www.flipkart.com/micromax-canvas-elanza-2-a121/p/itme5kwhhagu3nns?pid=MOBDZZUDWNUHGN26&primarySection=SELLER_TABLE&ref=f6d11cd5-a525-489d-be80-cfc7164ab00f&sellersSortedBy=PRICE&srno=b_401,"Rs. 8,269",,,,Micromax Canvas Elanza 2 A121
http://www.flipkart.com/micromax-canvas-elanza-2-a121/p/itme5kwhhagu3nns?pid=MOBDZZUDWNUHGN26&ref=f6d11cd5-a525-489d-be80-cfc7164ab00f&srno=b_401,"Rs. 8,269",,,,Micromax Canvas Elanza 2 A121
http://www.flipkart.com/karbonn-k-phone-1/p/itme3m7wyfnrvamz?pid=MOBDKNKYVQYTFEVY&ref=42742876-f676-4c0e-8163-832d9bde4db9&srno=b_367,"Rs. 1,450",,,,Karbonn K-Phone 1
http://www.flipkart.com/micromax-bolt-a069/p/itme3h6ufn9jvdpj?pid=MOBDYHNYZDGPDFHT&ref=42742876-f676-4c0e-8163-832d9bde4db9&srno=b_371,"Rs. 5,262",,,,Micromax Bolt A069
http://www.flipkart.com/karbonn-a1-plus-super/p/itme5hw2fuy3rngn?pid=MOBDYFUR3FEECDJT&ref=42742876-f676-4c0e-8163-832d9bde4db9&srno=b_369,"Rs. 3,100",,,,Karbonn A1 Plus Super
http://www.flipkart.com/lenovo-a319/p/itmefk5g3r7skghx?pid=MOBEFK5F7KWB2H9K&ref=42742876-f676-4c0e-8163-832d9bde4db9&srno=b_366,"Rs. 5,898",,,,Lenovo A319
http://www.flipkart.com/forme-summer/p/itme4a3ynwsz3eny?pid=MOBDUDMTBM4QHYAS&ref=42742876-f676-4c0e-8163-832d9bde4db9&srno=b_365,"Rs. 1,397",,,,Forme Summer
http://www.flipkart.com/lenovo-a319/p/itmefk5g3r7skghx?pid=MOBEFK5F7KWB2H9K&primarySection=SELLER_TABLE&ref=42742876-f676-4c0e-8163-832d9bde4db9&sellersSortedBy=PRICE&srno=b_366,"Rs. 5,898",,,,Lenovo A319
http://www.flipkart.com/samsung-galaxy-s5/p/itmefdkxhdhgkw5r?pid=MOBDUUDTUFXXUQBD&primarySection=SELLER_TABLE&ref=42742876-f676-4c0e-8163-832d9bde4db9&sellersSortedBy=PRICE&srno=b_368,"Rs. 28,999",,,,Samsung Galaxy S5
http://www.flipkart.com/lava-fuel-50/p/itme5kvygzkvm99d?pid=MOBE3JK5ZJZXR926&primarySection=SELLER_TABLE&ref=42742876-f676-4c0e-8163-832d9bde4db9&sellersSortedBy=PRICE&srno=b_364,"Rs. 7,549",,,,Lava Fuel 50
http://www.flipkart.com/spice-android-one-dream-uno-mi-498/p/itme5kwkaungfhwx?pid=MOBDZUAKFFAP5VMD&primarySection=SELLER_TABLE&ref=42742876-f676-4c0e-8163-832d9bde4db9&sellersSortedBy=PRICE&srno=b_363,"Rs. 6,190",,,,Spice Android One Dream UNO Mi-498
http://www.flipkart.com/apple-iphone-5c-8-gb/p/itme3m7xwbqhnkuz?pid=MOBDWXZTHPFTTRVG&ref=42742876-f676-4c0e-8163-832d9bde4db9&srno=b_370,"Rs. 27,244",,,,Apple iPhone 5C (8 GB)
http://www.flipkart.com/samsung-galaxy-s5/p/itmefdkxhdhgkw5r?pid=MOBDUUDTUFXXUQBD&ref=42742876-f676-4c0e-8163-832d9bde4db9&srno=b_368,"Rs. 28,999",,,,Samsung Galaxy S5
http://www.flipkart.com/spice-android-one-dream-uno-mi-498/p/itme5kwkaungfhwx?pid=MOBDZUAKFFAP5VMD&ref=42742876-f676-4c0e-8163-832d9bde4db9&srno=b_363,"Rs. 6,190",,,,Spice Android One Dream UNO Mi-498
http://www.flipkart.com/panasonic-eluga-u/p/itme5kwngvcmazj9?pid=MOBDYWU93P3WXFZF&primarySection=SELLER_TABLE&ref=42742876-f676-4c0e-8163-832d9bde4db9&sellersSortedBy=PRICE&srno=b_360,"Rs. 15,599",,,,Panasonic Eluga U
http://www.flipkart.com/iball-enigma-andi-4-5m/p/itme3g9szt5wrndu?pid=MOBDZS2STTYYRSKV&primarySection=SELLER_TABLE&ref=42742876-f676-4c0e-8163-832d9bde4db9&sellersSortedBy=PRICE&srno=b_362,"Rs. 7,448",,,,iBall Enigma Andi 4.5M
http://www.flipkart.com/iball-enigma-andi-4-5m/p/itme3g9szt5wrndu?pid=MOBDZS2STTYYRSKV&ref=42742876-f676-4c0e-8163-832d9bde4db9&srno=b_362,"Rs. 7,448",,,,iBall Enigma Andi 4.5M
http://www.flipkart.com/lava-kkt-27s/p/itmdtxvzeuphxv7k?pid=MOBDTXVZEUPHXV7K&ref=42742876-f676-4c0e-8163-832d9bde4db9&srno=b_361,"Rs. 1,499",,,,Lava KKT 27s
http://www.flipkart.com/lava-fuel-50/p/itme5kvygzkvm99d?pid=MOBE3JK5ZJZXR926&ref=42742876-f676-4c0e-8163-832d9bde4db9&srno=b_364,"Rs. 7,549",,,,Lava Fuel 50
http://www.flipkart.com/forme-c101/p/itmdwxh6xyhznhgr?pid=MOBDWXH6USH8Q8KD&ref=42742876-f676-4c0e-8163-832d9bde4db9&srno=b_358,Rs. 744,,,,Forme C101
http://www.flipkart.com/forme-c101/p/itmdwxh6xyhznhgr?pid=MOBDWXH6USH8Q8KD&primarySection=SELLER_TABLE&ref=42742876-f676-4c0e-8163-832d9bde4db9&sellersSortedBy=PRICE&srno=b_358,Rs. 744,,,,Forme C101
http://www.flipkart.com/panasonic-eluga-u/p/itme5kwngvcmazj9?pid=MOBDYWU93P3WXFZF&ref=42742876-f676-4c0e-8163-832d9bde4db9&srno=b_360,"Rs. 15,599",,,,Panasonic Eluga U
http://www.flipkart.com/intex-aqua-t2/p/itmeyqmvc2rzvkzh?pid=MOBEYQMVTUJCHDDM&ref=377f7abe-85e4-4bbd-831f-7fa34754a302&srno=b_396,"Rs. 2,699",,,,Intex Aqua T2
http://www.flipkart.com/micromax-canvas-xl2-a109/p/itme3g9b2keexgfq?pid=MOBDZH3F6HZHZFHU&ref=42742876-f676-4c0e-8163-832d9bde4db9&srno=b_359,"Rs. 7,689",,,,Micromax Canvas XL2 A109
http://www.flipkart.com/micromax-canvas-xl2-a109/p/itme3g9b2keexgfq?pid=MOBDZH3F6HZHZFHU&primarySection=SELLER_TABLE&ref=42742876-f676-4c0e-8163-832d9bde4db9&sellersSortedBy=PRICE&srno=b_359,"Rs. 7,689",,,,Micromax Canvas XL2 A109
http://www.flipkart.com/haier-c380/p/itme45wgyvmctc3a?pid=MOBDSY2F2N7DHGGZ&ref=377f7abe-85e4-4bbd-831f-7fa34754a302&srno=b_397,"Rs. 1,300",,,,Haier C380
http://www.flipkart.com/samsung-galaxy-note-3-n9000/p/itmdv6f5dmrdkj2h?pid=MOBDZQ2EGPHQPJCH&primarySection=SELLER_TABLE&ref=377f7abe-85e4-4bbd-831f-7fa34754a302&sellersSortedBy=PRICE&srno=b_398,"Rs. 33,832",,,,Samsung Galaxy Note 3 N9000
http://www.flipkart.com/sony-xperia-z-ultra/p/itme5hvvyzyzmhha?pid=MOBDN2BFHYBVFXF3&ref=377f7abe-85e4-4bbd-831f-7fa34754a302&srno=b_395,"Rs. 46,990",,,,Sony Xperia Z Ultra
http://www.flipkart.com/lava-arc-1star/p/itme3m7xsahk2vrf?pid=MOBDY3H2YHPGC8ZX&primarySection=SELLER_TABLE&ref=377f7abe-85e4-4bbd-831f-7fa34754a302&sellersSortedBy=PRICE&srno=b_393,Rs. 999,,,,Lava Arc 1star
http://www.flipkart.com/samsung-galaxy-a5-sm-a500gzddins-sm-a500gzddinu/p/itme3xz9vvjpthhk?pid=MOBE3XZ7ZEGHTKNB&primarySection=SELLER_TABLE&ref=377f7abe-85e4-4bbd-831f-7fa34754a302&sellersSortedBy=PRICE&srno=b_394,"Rs. 24,500",,,,Samsung Galaxy A5 SM-A500GZDDINS SM-A500GZDDINU
http://www.flipkart.com/lava-arc-1star/p/itme3m7xsahk2vrf?pid=MOBDY3H2YHPGC8ZX&ref=377f7abe-85e4-4bbd-831f-7fa34754a302&srno=b_393,Rs. 999,,,,Lava Arc 1star
http://www.flipkart.com/samsung-galaxy-note-3-n9000/p/itmdv6f5dmrdkj2h?pid=MOBDZQ2EGPHQPJCH&ref=377f7abe-85e4-4bbd-831f-7fa34754a302&srno=b_398,"Rs. 33,832",,,,Samsung Galaxy Note 3 N9000
http://www.flipkart.com/samsung-galaxy-a5-sm-a500gzddins-sm-a500gzddinu/p/itme3xz9vvjpthhk?pid=MOBE3XZ7ZEGHTKNB&ref=377f7abe-85e4-4bbd-831f-7fa34754a302&srno=b_394,"Rs. 24,500",,,,Samsung Galaxy A5 SM-A500GZDDINS SM-A500GZDDINU
http://www.flipkart.com/intex-aqua-4-5e/p/itme472dnrq2zeuj?pid=MOBE472DPAKPRMZE&primarySection=SELLER_TABLE&ref=377f7abe-85e4-4bbd-831f-7fa34754a302&sellersSortedBy=PRICE&srno=b_391,"Rs. 4,555",,,,Intex Aqua 4.5e
http://www.flipkart.com/intex-aqua-4-5e/p/itme472dnrq2zeuj?pid=MOBE472DPAKPRMZE&ref=377f7abe-85e4-4bbd-831f-7fa34754a302&srno=b_391,"Rs. 4,555",,,,Intex Aqua 4.5e
http://www.flipkart.com/karbonn-k1-rock/p/itme3m7xc8bk2jwh?pid=MOBDY93PVE7YFTRV&ref=377f7abe-85e4-4bbd-831f-7fa34754a302&srno=b_392,Rs. 987,,,,Karbonn K1 Rock
http://www.flipkart.com/micromax-eg111-duet-ii/p/itmdtcz8cksffwuy?pid=MOBDTCX9Y377HCYE&ref=377f7abe-85e4-4bbd-831f-7fa34754a302&srno=b_390,"Rs. 8,999",,,,Micromax EG111 Duet II
http://www.flipkart.com/micromax-x251/p/itmdvum4hfhfervg?pid=MOBDVUHWDZ3BJZF2&ref=377f7abe-85e4-4bbd-831f-7fa34754a302&srno=b_388,"Rs. 1,310",,,,Micromax X251
http://www.flipkart.com/nokia-asha-500/p/itme5hvskkwvzjb8?pid=MOBDRJ52ZQWYYPEY&ref=377f7abe-85e4-4bbd-831f-7fa34754a302&srno=b_387,"Rs. 3,370",,,,Nokia Asha 500
http://www.flipkart.com/lava-iris-350/p/itme4xhgwqnynh5a?pid=MOBE3UPPPPFHFVQ9&ref=377f7abe-85e4-4bbd-831f-7fa34754a302&srno=b_386,"Rs. 2,999",,,,Lava Iris 350
http://www.flipkart.com/nokia-lumia-630-single-sim/p/itmdynygqtnd8jzt?pid=MOBDWUAZFN3GGWHN&primarySection=SELLER_TABLE&ref=377f7abe-85e4-4bbd-831f-7fa34754a302&sellersSortedBy=PRICE&srno=b_389,"Rs. 6,499",,,,Nokia Lumia 630 Single SIM
http://www.flipkart.com/spice-stellar-mi-520n/p/itme358ys5npz8hz?pid=MOBE358YS94Q4SUD&primarySection=SELLER_TABLE&ref=377f7abe-85e4-4bbd-831f-7fa34754a302&sellersSortedBy=PRICE&srno=b_385,"Rs. 6,880",,,,Spice Stellar Mi-520n
http://www.flipkart.com/nokia-lumia-630-single-sim/p/itmdynygqtnd8jzt?pid=MOBDWUAZFN3GGWHN&ref=377f7abe-85e4-4bbd-831f-7fa34754a302&srno=b_389,"Rs. 6,499",,,,Nokia Lumia 630 Single SIM
http://www.flipkart.com/moto-x-2nd-gen/p/itme5hwfs7xjpzdt?pid=MOBDZ7WZFXPXWFE8&ref=377f7abe-85e4-4bbd-831f-7fa34754a302&srno=b_381,"Rs. 31,999",,,,Moto X (2nd Gen)
http://www.flipkart.com/micromax-canvas-knight-cameo-a290/p/itme5hvpuggsfkhq?pid=MOBDZB9GSASRYCGH&ref=377f7abe-85e4-4bbd-831f-7fa34754a302&srno=b_384,"Rs. 9,139",,,,Micromax Canvas Knight Cameo A290
http://www.flipkart.com/spice-stellar-mi-520n/p/itme358ys5npz8hz?pid=MOBE358YS94Q4SUD&ref=377f7abe-85e4-4bbd-831f-7fa34754a302&srno=b_385,"Rs. 6,880",,,,Spice Stellar Mi-520n
http://www.flipkart.com/xolo-q710s/p/itme2dgtmsrhfckh?pid=MOBE2DGTVFZBZQ6C&ref=377f7abe-85e4-4bbd-831f-7fa34754a302&srno=b_382,"Rs. 6,350",,,,XOLO Q710S
http://www.flipkart.com/k-600/p/itme45t5bxjxv5az?pid=MOBEFMMWHURHNYJF&ref=377f7abe-85e4-4bbd-831f-7fa34754a302&srno=b_380,Rs. 715,,,,A & K A 600
http://www.flipkart.com/micromax-canvas-knight-cameo-a290/p/itme5hvpuggsfkhq?pid=MOBDZB9GSASRYCGH&primarySection=SELLER_TABLE&ref=377f7abe-85e4-4bbd-831f-7fa34754a302&sellersSortedBy=PRICE&srno=b_384,"Rs. 9,139",,,,Micromax Canvas Knight Cameo A290
http://www.flipkart.com/nokia-x/p/itme5hwpebpctqqg?pid=MOBDU4ZKHHSZNRBP&primarySection=SELLER_TABLE&ref=377f7abe-85e4-4bbd-831f-7fa34754a302&sellersSortedBy=PRICE&srno=b_383,"Rs. 4,999",,,,Nokia X
http://www.flipkart.com/micromax-joy-x1800/p/itme4zhc98ew2ghy?pid=MOBE4ZHCZNK5XBXG&primarySection=SELLER_TABLE&ref=377f7abe-85e4-4bbd-831f-7fa34754a302&sellersSortedBy=PRICE&srno=b_379,Rs. 849,,,,Micromax Joy X1800
http://www.flipkart.com/micromax-joy-x1800/p/itme4zhc98ew2ghy?pid=MOBE4ZHCZNK5XBXG&ref=377f7abe-85e4-4bbd-831f-7fa34754a302&srno=b_379,Rs. 849,,,,Micromax Joy X1800
http://www.flipkart.com/nokia-x/p/itme5hwpebpctqqg?pid=MOBDU4ZKHHSZNRBP&ref=377f7abe-85e4-4bbd-831f-7fa34754a302&srno=b_383,"Rs. 4,999",,,,Nokia X
http://www.flipkart.com/t-max-jaguar/p/itme473rxpfnx2g9?pid=MOBE473RWPNCC88G&ref=8db27424-8071-4304-8b81-4bfab9038273&srno=b_334,"Rs. 3,995",,,,T-Max Jaguar
http://www.flipkart.com/nokia-asha-500/p/itme5hvskkwvzjb8?pid=MOBDRJ2HWVMXXFT4&primarySection=SELLER_TABLE&ref=8db27424-8071-4304-8b81-4bfab9038273&sellersSortedBy=PRICE&srno=b_331,"Rs. 3,395",,,,Nokia Asha 500
http://www.flipkart.com/iball-senior-aasaan2/p/itmdshm83nrmwehe?pid=MOBDSHMAFTZCYUCE&ref=8db27424-8071-4304-8b81-4bfab9038273&srno=b_332,"Rs. 2,830",,,,iBall Senior Aasaan2
http://www.flipkart.com/nokia-asha-500/p/itme5hvskkwvzjb8?pid=MOBDRJ2HWVMXXFT4&ref=8db27424-8071-4304-8b81-4bfab9038273&srno=b_331,"Rs. 3,395",,,,Nokia Asha 500
http://www.flipkart.com/panasonic-gd22/p/itmdzm5hnhqbgbyh?pid=MOBDZM5BFNNGAFP4&ref=8db27424-8071-4304-8b81-4bfab9038273&srno=b_330,"Rs. 1,825",,,,Panasonic GD22
http://www.flipkart.com/karbonn-titanium-s99/p/itme5hvgetsd65rn?pid=MOBDXZ9WPVHZFHSM&ref=8db27424-8071-4304-8b81-4bfab9038273&srno=b_329,"Rs. 3,784",,,,Karbonn Titanium S99
http://www.flipkart.com/microsoft-lumia-435/p/itme4xhmcydjzqsh?pid=MOBE4EMFGAY8HVP7&primarySection=SELLER_TABLE&ref=8db27424-8071-4304-8b81-4bfab9038273&sellersSortedBy=PRICE&srno=b_333,"Rs. 5,851",,,,Microsoft Lumia 435
http://www.flipkart.com/microsoft-lumia-435/p/itme4xhmcydjzqsh?pid=MOBE4EMFGAY8HVP7&ref=8db27424-8071-4304-8b81-4bfab9038273&srno=b_333,"Rs. 5,851",,,,Microsoft Lumia 435
http://www.flipkart.com/nokia-lumia-520/p/itmeyfpbsg7tajzj?pid=MOBDJ4ZNKFFGYJC4&ref=8db27424-8071-4304-8b81-4bfab9038273&srno=b_327,"Rs. 10,899",,,,Nokia Lumia 520
http://www.flipkart.com/xolo-play-8x-1100/p/itmefg5uxtafqpzh?pid=MOBEFG5UGKYGQNEW&ref=8db27424-8071-4304-8b81-4bfab9038273&srno=b_328,"Rs. 12,225",,,,XOLO Play 8X-1100
http://www.flipkart.com/xolo-play-8x-1100/p/itmefg5uxtafqpzh?pid=MOBEFG5UGKYGQNEW&primarySection=SELLER_TABLE&ref=8db27424-8071-4304-8b81-4bfab9038273&sellersSortedBy=PRICE&srno=b_328,"Rs. 12,225",,,,XOLO Play 8X-1100
http://www.flipkart.com/samsung-galaxy-s4-i9500/p/itmdv6f4bazcv86p?pid=MOBDK7U9KZZKWZ9T&primarySection=SELLER_TABLE&ref=8db27424-8071-4304-8b81-4bfab9038273&sellersSortedBy=PRICE&srno=b_335,"Rs. 26,999",,,,Samsung Galaxy S4 I9500
http://www.flipkart.com/samsung-z1/p/itme43kyxgsxwmad?pid=MOBE4FJDAT5P83DN&primarySection=SELLER_TABLE&ref=8db27424-8071-4304-8b81-4bfab9038273&sellersSortedBy=PRICE&srno=b_326,"Rs. 5,880",,,,Samsung Z1
http://www.flipkart.com/sansui-r3-flame/p/itme2zra8wgqgqeg?pid=MOBE2ZRAH9WNNEM5&primarySection=SELLER_TABLE&ref=8db27424-8071-4304-8b81-4bfab9038273&sellersSortedBy=PRICE&srno=b_325,Rs. 799,,,,Sansui R3 Flame
http://www.flipkart.com/samsung-z1/p/itme43kyxgsxwmad?pid=MOBE4FJDAT5P83DN&ref=8db27424-8071-4304-8b81-4bfab9038273&srno=b_326,"Rs. 5,880",,,,Samsung Z1
http://www.flipkart.com/sansui-r3-flame/p/itme2zra8wgqgqeg?pid=MOBE2ZRAH9WNNEM5&ref=8db27424-8071-4304-8b81-4bfab9038273&srno=b_325,Rs. 799,,,,Sansui R3 Flame
http://www.flipkart.com/philips-x2566/p/itmeyfhg5gvqbnbz?pid=MOBEYE8KY5E4MZ73&ref=8db27424-8071-4304-8b81-4bfab9038273&srno=b_323,"Rs. 3,530",,,,Philips X2566
http://www.flipkart.com/karbonn-k1-rock/p/itme3m7xc8bk2jwh?pid=MOBDY93PFDHKVHFG&ref=8db27424-8071-4304-8b81-4bfab9038273&srno=b_322,Rs. 949,,,,Karbonn K1 Rock
http://www.flipkart.com/xolo-q1010i/p/itme5hvzmq3qgpwz?pid=MOBDV7RXC3KH82UP&ref=8db27424-8071-4304-8b81-4bfab9038273&srno=b_321,"Rs. 8,673",,,,XOLO Q1010i
http://www.flipkart.com/karbonn-k1-rock/p/itme3m7xc8bk2jwh?pid=MOBDY93PFDHKVHFG&primarySection=SELLER_TABLE&ref=8db27424-8071-4304-8b81-4bfab9038273&sellersSortedBy=PRICE&srno=b_322,Rs. 949,,,,Karbonn K1 Rock
http://www.flipkart.com/apple-iphone-6/p/itme5hvwg5tzajza?pid=MOBEYHZ2NUZGCHKN&primarySection=SELLER_TABLE&ref=8db27424-8071-4304-8b81-4bfab9038273&sellersSortedBy=PRICE&srno=b_324,"Rs. 52,499",,,,Apple iPhone 6
http://www.flipkart.com/xolo-q1010i/p/itme5hvzmq3qgpwz?pid=MOBDV7RXC3KH82UP&primarySection=SELLER_TABLE&ref=8db27424-8071-4304-8b81-4bfab9038273&sellersSortedBy=PRICE&srno=b_321,"Rs. 8,673",,,,XOLO Q1010i
http://www.flipkart.com/karbonn-titanium-octane-plus/p/itme5hvgkzgasbcz?pid=MOBEY2P726BZSPST&ref=8db27424-8071-4304-8b81-4bfab9038273&srno=b_319,"Rs. 9,990",,,,Karbonn Titanium Octane Plus
http://www.flipkart.com/apple-iphone-6/p/itme5hvwg5tzajza?pid=MOBEYHZ2NUZGCHKN&ref=8db27424-8071-4304-8b81-4bfab9038273&srno=b_324,"Rs. 52,499",,,,Apple iPhone 6
http://www.flipkart.com/samsung-galaxy-core-prime-sm-g360hzsdins-inu/p/itme3ygyypa4awkf?pid=MOBE3YHYT95F2SYU&primarySection=SELLER_TABLE&ref=8db27424-8071-4304-8b81-4bfab9038273&sellersSortedBy=PRICE&srno=b_320,"Rs. 9,391",,,,Samsung Galaxy Core Prime SM-G360HZSDINS/INU
http://www.flipkart.com/karbonn-android-one-sparkle-v/p/itme5hvmnhzb4fsy?pid=MOBEFYWMK7MHCBN2&primarySection=SELLER_TABLE&ref=8db27424-8071-4304-8b81-4bfab9038273&sellersSortedBy=PRICE&srno=b_317,"Rs. 5,612",,,,Karbonn Android One Sparkle V
http://www.flipkart.com/xolo-a500-club/p/itme5hwgch4h9dqd?pid=MOBDTKHJ4TMTH4T5&ref=07c0a411-1c49-4934-bdeb-97e348feba16&srno=b_353,"Rs. 5,290",,,,XOLO A500 Club
http://www.flipkart.com/apple-iphone-6/p/itme3m7xkkqzrqdt?pid=MOBEYHZ2VSVKHAZH&primarySection=SELLER_TABLE&ref=8db27424-8071-4304-8b81-4bfab9038273&sellersSortedBy=PRICE&srno=b_318,"Rs. 61,459",,,,Apple iPhone 6
http://www.flipkart.com/samsung-galaxy-core-prime-sm-g360hzsdins-inu/p/itme3ygyypa4awkf?pid=MOBE3YHYT95F2SYU&ref=8db27424-8071-4304-8b81-4bfab9038273&srno=b_320,"Rs. 9,391",,,,Samsung Galaxy Core Prime SM-G360HZSDINS/INU
http://www.flipkart.com/karbonn-a5-turbo/p/itme5hwhssgctfzw?pid=MOBDYX2FYNDKKPUR&ref=07c0a411-1c49-4934-bdeb-97e348feba16&srno=b_352,"Rs. 2,689",,,,Karbonn A5 Turbo
http://www.flipkart.com/karbonn-android-one-sparkle-v/p/itme5hvmnhzb4fsy?pid=MOBEFYWMK7MHCBN2&ref=8db27424-8071-4304-8b81-4bfab9038273&srno=b_317,"Rs. 5,612",,,,Karbonn Android One Sparkle V
http://www.flipkart.com/lava-discover-neo/p/itme3hfk9zqchftd?pid=MOBDYWY9WHZGGY2F&ref=07c0a411-1c49-4934-bdeb-97e348feba16&srno=b_351,"Rs. 1,799",,,,Lava Discover Neo
http://www.flipkart.com/apple-iphone-6/p/itme3m7xkkqzrqdt?pid=MOBEYHZ2VSVKHAZH&ref=8db27424-8071-4304-8b81-4bfab9038273&srno=b_318,"Rs. 61,459",,,,Apple iPhone 6
http://www.flipkart.com/sansui-r3-flame/p/itme2zra8wgqgqeg?pid=MOBE3YNACHN4WM8R&ref=07c0a411-1c49-4934-bdeb-97e348feba16&srno=b_347,Rs. 799,,,,Sansui R3 Flame
http://www.flipkart.com/gionee-long-l700/p/itme5hwtezdm4haq?pid=MOBDZRKCK7BHMHAH&primarySection=SELLER_TABLE&ref=07c0a411-1c49-4934-bdeb-97e348feba16&sellersSortedBy=PRICE&srno=b_349,"Rs. 1,861",,,,Gionee Long L700
http://www.flipkart.com/sony-xperia-m-dual/p/itme5hvhrdgftctx?pid=MOBDN9RGGGZGAUM2&primarySection=SELLER_TABLE&ref=07c0a411-1c49-4934-bdeb-97e348feba16&sellersSortedBy=PRICE&srno=b_350,"Rs. 10,490",,,,Sony Xperia M Dual
http://www.flipkart.com/sony-xperia-m-dual/p/itme5hvhrdgftctx?pid=MOBDN9RGGGZGAUM2&ref=07c0a411-1c49-4934-bdeb-97e348feba16&srno=b_350,"Rs. 10,490",,,,Sony Xperia M Dual
http://www.flipkart.com/gionee-long-l700/p/itme5hwtezdm4haq?pid=MOBDZRKCK7BHMHAH&ref=07c0a411-1c49-4934-bdeb-97e348feba16&srno=b_349,"Rs. 1,861",,,,Gionee Long L700
http://www.flipkart.com/xolo-8x-1000/p/itmdzdskgv3mrpek?pid=MOBDZDSKPZZTCKSW&primarySection=SELLER_TABLE&ref=07c0a411-1c49-4934-bdeb-97e348feba16&sellersSortedBy=PRICE&srno=b_346,"Rs. 10,948",,,,XOLO 8X-1000
http://www.flipkart.com/sansui-r3-flame/p/itme2zra8wgqgqeg?pid=MOBE3YNACHN4WM8R&primarySection=SELLER_TABLE&ref=07c0a411-1c49-4934-bdeb-97e348feba16&sellersSortedBy=PRICE&srno=b_347,Rs. 799,,,,Sansui R3 Flame
http://www.flipkart.com/xolo-8x-1000/p/itmdzdskgv3mrpek?pid=MOBDZDSKPZZTCKSW&ref=07c0a411-1c49-4934-bdeb-97e348feba16&srno=b_346,"Rs. 10,948",,,,XOLO 8X-1000
http://www.flipkart.com/micromax-bolt-a065/p/itmef3v4gtrchzgv?pid=MOBEF3V45AGZRQGD&ref=07c0a411-1c49-4934-bdeb-97e348feba16&srno=b_348,"Rs. 3,850",,,,Micromax Bolt A065
http://www.flipkart.com/intex-star-pda-mobile-phone/p/itme4y9fn8gyefzj?pid=MOBE4Y9FKHGEM6HR&ref=07c0a411-1c49-4934-bdeb-97e348feba16&srno=b_342,"Rs. 1,950",,,,Intex Star PDA Mobile Phone
http://www.flipkart.com/lava-discover-136s/p/itmdwh66zu9hkxzh?pid=MOBDWH65GDCSUQDE&ref=07c0a411-1c49-4934-bdeb-97e348feba16&srno=b_345,"Rs. 1,969",,,,Lava Discover 136S
http://www.flipkart.com/blackberry-curve-9320/p/itme3h5zwctrx9wv?pid=MOBD9Y77UJAWNZRH&ref=07c0a411-1c49-4934-bdeb-97e348feba16&srno=b_344,"Rs. 8,500",,,,Blackberry Curve 9320
http://www.flipkart.com/blackberry-curve-9320/p/itme3h5zwctrx9wv?pid=MOBD9Y77UJAWNZRH&primarySection=SELLER_TABLE&ref=07c0a411-1c49-4934-bdeb-97e348feba16&sellersSortedBy=PRICE&srno=b_344,"Rs. 8,500",,,,Blackberry Curve 9320
http://www.flipkart.com/micromax-bolt-a067/p/itme5hwffawtfyyb?pid=MOBDZ2ZFXAVVV4SU&primarySection=SELLER_TABLE&ref=07c0a411-1c49-4934-bdeb-97e348feba16&sellersSortedBy=PRICE&srno=b_341,"Rs. 4,590",,,,Micromax Bolt A067
http://www.flipkart.com/htc-desire-816g-octa-core/p/itme4xr64gnqgfsg?pid=MOBE4C8CXFQDHDHU&primarySection=SELLER_TABLE&ref=07c0a411-1c49-4934-bdeb-97e348feba16&sellersSortedBy=PRICE&srno=b_343,"Rs. 18,549",,,,HTC Desire 816G (Octa Core)
http://www.flipkart.com/micromax-bolt-a067/p/itme5hwffawtfyyb?pid=MOBDZ2ZFXAVVV4SU&ref=07c0a411-1c49-4934-bdeb-97e348feba16&srno=b_341,"Rs. 4,590",,,,Micromax Bolt A067
http://www.flipkart.com/htc-desire-816g-octa-core/p/itme4xr64gnqgfsg?pid=MOBE4C8CXFQDHDHU&ref=07c0a411-1c49-4934-bdeb-97e348feba16&srno=b_343,"Rs. 18,549",,,,HTC Desire 816G (Octa Core)
http://www.flipkart.com/micromax-x070/p/itmeyyy3ruw8gjts?pid=MOBEYYYYRH2GHBJF&primarySection=SELLER_TABLE&ref=07c0a411-1c49-4934-bdeb-97e348feba16&sellersSortedBy=PRICE&srno=b_339,Rs. 999,,,,Micromax X070
http://www.flipkart.com/micromax-x070/p/itmeyyy3ruw8gjts?pid=MOBEYYYYRH2GHBJF&ref=07c0a411-1c49-4934-bdeb-97e348feba16&srno=b_339,Rs. 999,,,,Micromax X070
http://www.flipkart.com/micromax-canvas-4-a210/p/itme5hvmr2m4f3qr?pid=MOBDMHJZZSE7P5YH&ref=07c0a411-1c49-4934-bdeb-97e348feba16&srno=b_337,"Rs. 9,499",,,,Micromax Canvas 4 A210
http://www.flipkart.com/sony-xperia-c3/p/itme5kwnxjsc7sqg?pid=MOBDZB9GBJDVAX3D&ref=07c0a411-1c49-4934-bdeb-97e348feba16&srno=b_340,"Rs. 19,650",,,,Sony Xperia C3
http://www.flipkart.com/sony-xperia-c3/p/itme5kwnxjsc7sqg?pid=MOBDZB9GBJDVAX3D&primarySection=SELLER_TABLE&ref=07c0a411-1c49-4934-bdeb-97e348feba16&sellersSortedBy=PRICE&srno=b_340,"Rs. 19,650",,,,Sony Xperia C3
http://www.flipkart.com/micromax-unite-a092/p/itme5hw5cheun5zh?pid=MOBDX8MGQYGTZJTE&ref=9bf645fa-b18a-463c-a98e-4e4269d5d4ab&srno=b_293,"Rs. 5,298",,,,Micromax Unite A092
http://www.flipkart.com/samsung-galaxy-grand-neo-gt-i9060/p/itme5hwnhxtzzmu6?pid=MOBDTGFZWG3BH4KA&ref=07c0a411-1c49-4934-bdeb-97e348feba16&srno=b_338,"Rs. 12,299",,,,Samsung Galaxy Grand Neo GT-I9060
http://www.flipkart.com/panasonic-p41/p/itme45xfrmh4yk7y?pid=MOBDYQ4HM8VYYQYQ&ref=07c0a411-1c49-4934-bdeb-97e348feba16&srno=b_336,"Rs. 7,600",,,,Panasonic P41
http://www.flipkart.com/nokia-asha-503/p/itme5hx9yh8kmztf?pid=MOBDS9YNM8YGC7AK&ref=9bf645fa-b18a-463c-a98e-4e4269d5d4ab&srno=b_292,"Rs. 5,300",,,,Nokia Asha 503
http://www.flipkart.com/lava-spark-10/p/itmdyabfgz7hceex?pid=MOBDYABCAARSVZCD&ref=9bf645fa-b18a-463c-a98e-4e4269d5d4ab&srno=b_290,"Rs. 1,375",,,,Lava Spark 10
http://www.flipkart.com/micromax-canvas-knight-cameo-a290/p/itme5hvpuggsfkhq?pid=MOBDZM4PYMBYHFSH&primarySection=SELLER_TABLE&ref=9bf645fa-b18a-463c-a98e-4e4269d5d4ab&sellersSortedBy=PRICE&srno=b_289,"Rs. 9,204",,,,Micromax Canvas Knight Cameo A290
http://www.flipkart.com/forme-discovery/p/itme4a3yvkgdu7nc?pid=MOBDRNWZXHQ2MRVA&ref=9bf645fa-b18a-463c-a98e-4e4269d5d4ab&srno=b_288,"Rs. 2,999",,,,Forme Discovery
http://www.flipkart.com/micromax-canvas-knight-cameo-a290/p/itme5hvpuggsfkhq?pid=MOBDZM4PYMBYHFSH&ref=9bf645fa-b18a-463c-a98e-4e4269d5d4ab&srno=b_289,"Rs. 9,204",,,,Micromax Canvas Knight Cameo A290
http://www.flipkart.com/samsung-galaxy-e7/p/itme4xhkxyjp8y4f?pid=MOBE3UN6NYKGPZPM&primarySection=SELLER_TABLE&ref=9bf645fa-b18a-463c-a98e-4e4269d5d4ab&sellersSortedBy=PRICE&srno=b_291,"Rs. 20,600",,,,Samsung Galaxy E7
http://www.flipkart.com/lava-iris-300-style/p/itmdwyyj2bbbejdg?pid=MOBDWYYGF45K72MX&ref=9bf645fa-b18a-463c-a98e-4e4269d5d4ab&srno=b_287,"Rs. 2,399",,,,Lava Iris 300 Style
http://www.flipkart.com/spice-smart-flo-mi-359/p/itmdzm5hxpzykzvm?pid=MOBDZM5BEHYRJCFX&ref=9bf645fa-b18a-463c-a98e-4e4269d5d4ab&srno=b_285,"Rs. 2,799",,,,Spice Smart Flo Mi-359
http://www.flipkart.com/k-c-300/p/itme45vybvy9ak2q?pid=MOBEFMMWBEQA27YG&ref=9bf645fa-b18a-463c-a98e-4e4269d5d4ab&srno=b_286,Rs. 695,,,,A & K C 300
http://www.flipkart.com/samsung-galaxy-e7/p/itme4xhkxyjp8y4f?pid=MOBE3UN6NYKGPZPM&ref=9bf645fa-b18a-463c-a98e-4e4269d5d4ab&srno=b_291,"Rs. 20,600",,,,Samsung Galaxy E7
http://www.flipkart.com/spice-smart-flo-mi-359/p/itmdzm5hxpzykzvm?pid=MOBDZM5BEHYRJCFX&primarySection=SELLER_TABLE&ref=9bf645fa-b18a-463c-a98e-4e4269d5d4ab&sellersSortedBy=PRICE&srno=b_285,"Rs. 2,799",,,,Spice Smart Flo Mi-359
http://www.flipkart.com/micromax-bolt-a58/p/itme5hwwyquhey3f?pid=MOBDPZZR65PETYZH&ref=9bf645fa-b18a-463c-a98e-4e4269d5d4ab&srno=b_283,"Rs. 3,799",,,,Micromax Bolt A58
http://www.flipkart.com/nokia-asha-501/p/itme5hx8uva8wsck?pid=MOBDHX4WU66SG3HU&ref=9bf645fa-b18a-463c-a98e-4e4269d5d4ab&srno=b_284,"Rs. 4,000",,,,Nokia Asha 501
http://www.flipkart.com/sony-xperia-sp/p/itme5hw86u6gfffw?pid=MOBDJMZ2U6JFHZZH&ref=9bf645fa-b18a-463c-a98e-4e4269d5d4ab&srno=b_281,"Rs. 14,126",,,,Sony Xperia SP
http://www.flipkart.com/xolo-a600/p/itme5hvqvd7dvcvv?pid=MOBDRHN9WM3HGZCG&ref=9bf645fa-b18a-463c-a98e-4e4269d5d4ab&srno=b_282,"Rs. 5,599",,,,XOLO A600
http://www.flipkart.com/lava-c11s/p/itme3hfmhauckecz?pid=MOBEFH9MHYYPMPYC&ref=9bf645fa-b18a-463c-a98e-4e4269d5d4ab&srno=b_280,"Rs. 1,319",,,,Lava C11s
http://www.flipkart.com/xolo-a600/p/itme5hvqvd7dvcvv?pid=MOBDRHN9WM3HGZCG&primarySection=SELLER_TABLE&ref=9bf645fa-b18a-463c-a98e-4e4269d5d4ab&sellersSortedBy=PRICE&srno=b_282,"Rs. 5,599",,,,XOLO A600
http://www.flipkart.com/htc-desire-210-dual-sim-d210h/p/itmefwjhgwzyx8tz?pid=MOBDVZHGAFBMBAPW&primarySection=SELLER_TABLE&ref=9bf645fa-b18a-463c-a98e-4e4269d5d4ab&sellersSortedBy=PRICE&srno=b_279,"Rs. 7,300",,,,HTC Desire 210 Dual Sim D210h
http://www.flipkart.com/sony-xperia-sp/p/itme5hw86u6gfffw?pid=MOBDJMZ2D3TD35TC&ref=9bf645fa-b18a-463c-a98e-4e4269d5d4ab&srno=b_276,"Rs. 12,499",,,,Sony Xperia SP
http://www.flipkart.com/panasonic-eluga-s/p/itme3hgqwd9zacvf?pid=MOBE26JUT68FESRZ&ref=9bf645fa-b18a-463c-a98e-4e4269d5d4ab&srno=b_278,"Rs. 11,500",,,,Panasonic Eluga S
http://www.flipkart.com/htc-desire-210-dual-sim-d210h/p/itmefwjhgwzyx8tz?pid=MOBDVZHGAFBMBAPW&ref=9bf645fa-b18a-463c-a98e-4e4269d5d4ab&srno=b_279,"Rs. 7,300",,,,HTC Desire 210 Dual Sim D210h
http://www.flipkart.com/google-nexus-6/p/itme5hwrgkghykmk?pid=MOBEFHHGB2RFQ7WM&ref=9bf645fa-b18a-463c-a98e-4e4269d5d4ab&srno=b_277,"Rs. 48,999",,,,Google Nexus 6
http://www.flipkart.com/blackberry-z10/p/itme3h5zzzup89hn?pid=MOBDGD8NMG5HJGXM&ref=9bf645fa-b18a-463c-a98e-4e4269d5d4ab&srno=b_275,"Rs. 23,900",,,,BlackBerry Z10
http://www.flipkart.com/micromax-x344/p/itme45x8qfarps2h?pid=MOBEFZ27VMBQJWHZ&ref=54579eae-0730-44e0-84bf-a4cb696a5300&srno=b_272,"Rs. 1,900",,,,Micromax X344
http://www.flipkart.com/samsung-guru-1200/p/itme3m7wh9weccd4?pid=MOBDADMTTV7HXGTF&ref=54579eae-0730-44e0-84bf-a4cb696a5300&srno=b_270,"Rs. 1,260",,,,Samsung Guru 1200
http://www.flipkart.com/micromax-canvas-fire-2-a104/p/itme3h6ven7nryxg?pid=MOBEFPACY8NR57ER&primarySection=SELLER_TABLE&ref=54579eae-0730-44e0-84bf-a4cb696a5300&sellersSortedBy=PRICE&srno=b_269,"Rs. 6,666",,,,Micromax Canvas Fire 2 A104
http://www.flipkart.com/samsung-guru-1200/p/itme3m7wh9weccd4?pid=MOBDADMTTV7HXGTF&primarySection=SELLER_TABLE&ref=54579eae-0730-44e0-84bf-a4cb696a5300&sellersSortedBy=PRICE&srno=b_270,"Rs. 1,260",,,,Samsung Guru 1200
http://www.flipkart.com/blackberry-z10/p/itme3h5zzzup89hn?pid=MOBDGD8NMG5HJGXM&primarySection=SELLER_TABLE&ref=9bf645fa-b18a-463c-a98e-4e4269d5d4ab&sellersSortedBy=PRICE&srno=b_275,"Rs. 23,900",,,,BlackBerry Z10
http://www.flipkart.com/karbonn-titanium-s2-plus/p/itme5hwrzdna7dvb?pid=MOBDXZ9WHJP4M6HW&ref=54579eae-0730-44e0-84bf-a4cb696a5300&srno=b_268,"Rs. 5,777",,,,Karbonn Titanium S2 Plus
http://www.flipkart.com/karbonn-sound-wave-k451/p/itme3m7xgzauavrr?pid=MOBDEF8RJZAZQSEV&primarySection=SELLER_TABLE&ref=54579eae-0730-44e0-84bf-a4cb696a5300&sellersSortedBy=PRICE&srno=b_267,"Rs. 1,340",,,,Karbonn Sound Wave K451+
http://www.flipkart.com/micromax-unite-a092/p/itme3h5tdtuxczha?pid=MOBDX8MFZGTFN2YH&ref=54579eae-0730-44e0-84bf-a4cb696a5300&srno=b_271,"Rs. 4,839",,,,Micromax Unite A092
http://www.flipkart.com/micromax-canvas-fire-2-a104/p/itme3h6ven7nryxg?pid=MOBEFPACY8NR57ER&ref=54579eae-0730-44e0-84bf-a4cb696a5300&srno=b_269,"Rs. 6,666",,,,Micromax Canvas Fire 2 A104
http://www.flipkart.com/sony-xperia-e1-dual/p/itme5hwhx3z8euk3?pid=MOBDUY5YDGPE7TYC&primarySection=SELLER_TABLE&ref=54579eae-0730-44e0-84bf-a4cb696a5300&sellersSortedBy=PRICE&srno=b_266,"Rs. 6,790",,,,Sony Xperia E1 Dual
http://www.flipkart.com/karbonn-sound-wave-k451/p/itme3m7xgzauavrr?pid=MOBDEF8RJZAZQSEV&ref=54579eae-0730-44e0-84bf-a4cb696a5300&srno=b_267,"Rs. 1,340",,,,Karbonn Sound Wave K451+
http://www.flipkart.com/sony-xperia-e1-dual/p/itme5hwhx3z8euk3?pid=MOBDUY5YDGPE7TYC&ref=54579eae-0730-44e0-84bf-a4cb696a5300&srno=b_266,"Rs. 6,790",,,,Sony Xperia E1 Dual
http://www.flipkart.com/microsoft-lumia-532/p/itme4xhgdrxxj7zh?pid=MOBE4EMYGA5YRKGY&ref=54579eae-0730-44e0-84bf-a4cb696a5300&srno=b_265,"Rs. 6,463",,,,Microsoft Lumia 532
http://www.flipkart.com/karbonn-sound-wave-k451/p/itme3m7xgzauavrr?pid=MOBDH7BYXFB563CE&ref=54579eae-0730-44e0-84bf-a4cb696a5300&srno=b_262,"Rs. 1,340",,,,Karbonn Sound Wave K451+
http://www.flipkart.com/mts-rockstar-m141/p/itmdxcypacbrgxfv?pid=MOBDXCYNVFNJZ9YV&ref=54579eae-0730-44e0-84bf-a4cb696a5300&srno=b_263,"Rs. 1,369",,,,MTS Rockstar M141
http://www.flipkart.com/microsoft-lumia-532/p/itme4xhgdrxxj7zh?pid=MOBE4EMYGA5YRKGY&primarySection=SELLER_TABLE&ref=54579eae-0730-44e0-84bf-a4cb696a5300&sellersSortedBy=PRICE&srno=b_265,"Rs. 6,463",,,,Microsoft Lumia 532
http://www.flipkart.com/nokia-lumia-625/p/itme5hwu7qfz87wn?pid=MOBDNPZ4JWTBJXEC&primarySection=SELLER_TABLE&ref=54579eae-0730-44e0-84bf-a4cb696a5300&sellersSortedBy=PRICE&srno=b_261,"Rs. 7,599",,,,Nokia Lumia 625
http://www.flipkart.com/intex-aqua-n7/p/itme3yvshcvpayfh?pid=MOBE3YVSNEZFCCXR&ref=54579eae-0730-44e0-84bf-a4cb696a5300&srno=b_260,"Rs. 4,434",,,,Intex Aqua N7
http://www.flipkart.com/nokia-lumia-625/p/itme5hwu7qfz87wn?pid=MOBDNPZ4JWTBJXEC&ref=54579eae-0730-44e0-84bf-a4cb696a5300&srno=b_261,"Rs. 7,599",,,,Nokia Lumia 625
http://www.flipkart.com/samsung-galaxy-s5/p/itme3h4rjpv7bq5d?pid=MOBDUUDTADHVQZXG&primarySection=SELLER_TABLE&ref=54579eae-0730-44e0-84bf-a4cb696a5300&sellersSortedBy=PRICE&srno=b_264,"Rs. 28,999",,,,Samsung Galaxy S5
http://www.flipkart.com/lenovo-a328/p/itme5hv9vgacchzn?pid=MOBE2YF8ZNUPHFGZ&primarySection=SELLER_TABLE&ref=54579eae-0730-44e0-84bf-a4cb696a5300&sellersSortedBy=PRICE&srno=b_259,"Rs. 6,378",,,,Lenovo A328
http://www.flipkart.com/lenovo-a328/p/itme5hv9vgacchzn?pid=MOBE2YF8ZNUPHFGZ&ref=54579eae-0730-44e0-84bf-a4cb696a5300&srno=b_259,"Rs. 6,378",,,,Lenovo A328
http://www.flipkart.com/samsung-galaxy-s5/p/itme3h4rjpv7bq5d?pid=MOBDUUDTADHVQZXG&ref=54579eae-0730-44e0-84bf-a4cb696a5300&srno=b_264,"Rs. 28,999",,,,Samsung Galaxy S5
http://www.flipkart.com/intex-aqua-3x/p/itme2wcvqc7mqg9c?pid=MOBE2WCUJDQTPTZ7&ref=54579eae-0730-44e0-84bf-a4cb696a5300&srno=b_255,"Rs. 5,888",,,,Intex Aqua 3X
http://www.flipkart.com/htc-desire-516/p/itme5kwhpjvncqff?pid=MOBDXSVHDG77DVYE&primarySection=SELLER_TABLE&ref=54579eae-0730-44e0-84bf-a4cb696a5300&sellersSortedBy=PRICE&srno=b_258,"Rs. 9,900",,,,HTC Desire 516
http://www.flipkart.com/htc-desire-516/p/itme5kwhpjvncqff?pid=MOBDXSVHDG77DVYE&ref=54579eae-0730-44e0-84bf-a4cb696a5300&srno=b_258,"Rs. 9,900",,,,HTC Desire 516
http://www.flipkart.com/asus-zenfone-6-a601cg/p/itme5hvrcp6mhf2t?pid=MOBDXZ9WHZMR5FPM&ref=54579eae-0730-44e0-84bf-a4cb696a5300&srno=b_257,"Rs. 16,990",,,,Asus Zenfone 6 A601CG
http://www.flipkart.com/intex-aqua-3g-star/p/itme2wdyh5gg54yh?pid=MOBE2WDYFJD6KWRX&ref=998077e8-be13-4cfb-9060-bef2ec260958&srno=b_249,"Rs. 3,777",,,,Intex Aqua 3G Star
http://www.flipkart.com/intex-aqua-3g-star/p/itme2wdyh5gg54yh?pid=MOBE2WDYFJD6KWRX&primarySection=SELLER_TABLE&ref=998077e8-be13-4cfb-9060-bef2ec260958&sellersSortedBy=PRICE&srno=b_249,"Rs. 3,777",,,,Intex Aqua 3G Star
http://www.flipkart.com/lava-arc-magic/p/itme2mn5jzpmzhys?pid=MOBE2MHFHEBDQ3QZ&ref=54579eae-0730-44e0-84bf-a4cb696a5300&srno=b_253,Rs. 930,,,,Lava Arc Magic
http://www.flipkart.com/lenovo-a680/p/itme5kwhqexf5xyg?pid=MOBDTXVZ2GKT5WAM&ref=54579eae-0730-44e0-84bf-a4cb696a5300&srno=b_256,"Rs. 7,999",,,,Lenovo A680
http://www.flipkart.com/philips-e130/p/itmey7zpbkfhe5my?pid=MOBEY7ZNJYS6XTCG&primarySection=SELLER_TABLE&ref=998077e8-be13-4cfb-9060-bef2ec260958&sellersSortedBy=PRICE&srno=b_248,"Rs. 1,074",,,,Philips E130
http://www.flipkart.com/xolo-q500s-ips/p/itme5hwwzrf8fcpm?pid=MOBDXVTYDQP9KGGX&ref=54579eae-0730-44e0-84bf-a4cb696a5300&srno=b_254,"Rs. 5,199",,,,XOLO Q500S IPS
http://www.flipkart.com/philips-e130/p/itmey7zpbkfhe5my?pid=MOBEY7ZNJYS6XTCG&ref=998077e8-be13-4cfb-9060-bef2ec260958&srno=b_248,"Rs. 1,074",,,,Philips E130
http://www.flipkart.com/micromax-x344/p/itme45x8qfarps2h?pid=MOBE27TVSSPV3JHP&ref=998077e8-be13-4cfb-9060-bef2ec260958&srno=b_244,"Rs. 1,444",,,,Micromax X344
http://www.flipkart.com/nokia-130/p/itme3m7xjezdq86t?pid=MOBEYTK94EXWGXAZ&ref=998077e8-be13-4cfb-9060-bef2ec260958&srno=b_246,"Rs. 1,594",,,,Nokia 130
http://www.flipkart.com/micromax-bolt-a065/p/itmeymgtjmsm7abg?pid=MOBEYMGSR6XGTBZN&ref=998077e8-be13-4cfb-9060-bef2ec260958&srno=b_247,"Rs. 3,680",,,,Micromax Bolt A065
http://www.flipkart.com/micromax-x344/p/itme45x8qfarps2h?pid=MOBE27TVSSPV3JHP&primarySection=SELLER_TABLE&ref=998077e8-be13-4cfb-9060-bef2ec260958&sellersSortedBy=PRICE&srno=b_244,"Rs. 1,444",,,,Micromax X344
http://www.flipkart.com/samsung-galaxy-core-prime/p/itme44zyn2hg8ybc?pid=MOBE44ZY55GAZZZ8&primarySection=SELLER_TABLE&ref=998077e8-be13-4cfb-9060-bef2ec260958&sellersSortedBy=PRICE&srno=b_245,"Rs. 9,290",,,,Samsung Galaxy Core Prime
http://www.flipkart.com/micromax-x247/p/itmdrvhea8pdsgys?pid=MOBDRVHEVFU2WGCZ&primarySection=SELLER_TABLE&ref=998077e8-be13-4cfb-9060-bef2ec260958&sellersSortedBy=PRICE&srno=b_242,"Rs. 1,740",,,,Micromax X247
http://www.flipkart.com/samsung-galaxy-core-prime/p/itme44zyn2hg8ybc?pid=MOBE44ZY55GAZZZ8&ref=998077e8-be13-4cfb-9060-bef2ec260958&srno=b_245,"Rs. 9,290",,,,Samsung Galaxy Core Prime
http://www.flipkart.com/lava-iris-fuel-20/p/itme4tzghqg6pzcf?pid=MOBE4TZGURZWBSGY&primarySection=SELLER_TABLE&ref=998077e8-be13-4cfb-9060-bef2ec260958&sellersSortedBy=PRICE&srno=b_239,"Rs. 5,550",,,,Lava Iris Fuel 20
http://www.flipkart.com/xolo-a600/p/itme5hvqvd7dvcvv?pid=MOBDQ8JFE3WGKBGE&ref=998077e8-be13-4cfb-9060-bef2ec260958&srno=b_243,"Rs. 5,050",,,,XOLO A600
http://www.flipkart.com/micromax-x247/p/itmdrvhea8pdsgys?pid=MOBDRVHEVFU2WGCZ&ref=998077e8-be13-4cfb-9060-bef2ec260958&srno=b_242,"Rs. 1,740",,,,Micromax X247
http://www.flipkart.com/karbonn-titanium-s8/p/itme5hwbbhkje5dz?pid=MOBE26JU2RRW4CBT&ref=998077e8-be13-4cfb-9060-bef2ec260958&srno=b_240,"Rs. 5,699",,,,Karbonn Titanium S8
http://www.flipkart.com/sony-xperia-m2-dual/p/itme5hwjgh9zukkv?pid=MOBDVF6FNKB2UK2G&primarySection=SELLER_TABLE&ref=998077e8-be13-4cfb-9060-bef2ec260958&sellersSortedBy=PRICE&srno=b_241,"Rs. 14,599",,,,Sony Xperia M2 Dual
http://www.flipkart.com/lava-iris-fuel-20/p/itme4tzghqg6pzcf?pid=MOBE4TZGURZWBSGY&ref=998077e8-be13-4cfb-9060-bef2ec260958&srno=b_239,"Rs. 5,550",,,,Lava Iris Fuel 20
http://www.flipkart.com/panasonic-p55/p/itme5hwyuzguuwk6?pid=MOBEFQEAG8MMWY5R&ref=998077e8-be13-4cfb-9060-bef2ec260958&srno=b_238,,,,,Panasonic P55
http://www.flipkart.com/sony-xperia-m2-dual/p/itme5hwjgh9zukkv?pid=MOBDVF6FNKB2UK2G&ref=998077e8-be13-4cfb-9060-bef2ec260958&srno=b_241,"Rs. 14,599",,,,Sony Xperia M2 Dual
http://www.flipkart.com/lava-x5/p/itme55j9fgrvaehf?pid=MOBEYTR3HEVYHBZD&ref=998077e8-be13-4cfb-9060-bef2ec260958&srno=b_235,"Rs. 8,499",,,,Lava X5
http://www.flipkart.com/sony-xperia-e3-ds/p/itmefjdc3fgrxtv9?pid=MOBDZVASW3AC662E&primarySection=SELLER_TABLE&ref=998077e8-be13-4cfb-9060-bef2ec260958&sellersSortedBy=PRICE&srno=b_237,"Rs. 9,876",,,,Sony Xperia E3 DS
http://www.flipkart.com/samsung-tizen-z1/p/itme43hezhrdxqgz?pid=MOBE43HED5TFAYGK&primarySection=SELLER_TABLE&ref=998077e8-be13-4cfb-9060-bef2ec260958&sellersSortedBy=PRICE&srno=b_236,"Rs. 5,880",,,,Samsung Tizen Z1
http://www.flipkart.com/nokia-asha-501/p/itme5hx9wxadcydu?pid=MOBDHX4W57DEMADE&ref=998077e8-be13-4cfb-9060-bef2ec260958&srno=b_234,"Rs. 3,780",,,,Nokia Asha 501
http://www.flipkart.com/nokia-asha-501/p/itme5hx9wxadcydu?pid=MOBDHX4W57DEMADE&primarySection=SELLER_TABLE&ref=998077e8-be13-4cfb-9060-bef2ec260958&sellersSortedBy=PRICE&srno=b_234,"Rs. 3,780",,,,Nokia Asha 501
http://www.flipkart.com/karbonn-a100/p/itmdyygypfjjs34x?pid=MOBDYYFYY5YGF7GZ&primarySection=SELLER_TABLE&ref=998077e8-be13-4cfb-9060-bef2ec260958&sellersSortedBy=PRICE&srno=b_231,"Rs. 2,479",,,,Karbonn A100
http://www.flipkart.com/samsung-tizen-z1/p/itme43hezhrdxqgz?pid=MOBE43HED5TFAYGK&ref=998077e8-be13-4cfb-9060-bef2ec260958&srno=b_236,"Rs. 5,880",,,,Samsung Tizen Z1
http://www.flipkart.com/gionee-pioneer-p4/p/itme5hw7chhgwysp?pid=MOBDW3NMJCYKHUBM&primarySection=SELLER_TABLE&ref=c2489b79-4767-41cd-bdb6-c6f6ea027213&sellersSortedBy=PRICE&srno=b_310,"Rs. 8,150",,,,Gionee Pioneer P4
http://www.flipkart.com/lava-kkt-uno/p/itme3m7xazdzvxsc?pid=MOBDV35MF6MGMMWZ&ref=998077e8-be13-4cfb-9060-bef2ec260958&srno=b_233,"Rs. 2,499",,,,Lava KKT Uno
http://www.flipkart.com/sony-xperia-e3-ds/p/itmefjdc3fgrxtv9?pid=MOBDZVASW3AC662E&ref=998077e8-be13-4cfb-9060-bef2ec260958&srno=b_237,"Rs. 9,876",,,,Sony Xperia E3 DS
http://www.flipkart.com/micromax-mad-a94/p/itmeyfrhb82gsb4s?pid=MOBDSN7H75FANFUA&ref=998077e8-be13-4cfb-9060-bef2ec260958&srno=b_232,"Rs. 5,596",,,,Micromax MAd A94
http://www.flipkart.com/micromax-canvas-knight-a350/p/itme5hx9mvcvshuf?pid=MOBDUYY8CHZZRSGK&ref=c2489b79-4767-41cd-bdb6-c6f6ea027213&srno=b_309,"Rs. 25,999",,,,Micromax Canvas Knight A350
http://www.flipkart.com/gionee-pioneer-p4/p/itme5hw7chhgwysp?pid=MOBDW3NMJCYKHUBM&ref=c2489b79-4767-41cd-bdb6-c6f6ea027213&srno=b_310,"Rs. 8,150",,,,Gionee Pioneer P4
http://www.flipkart.com/forme-forever-f8-plus/p/itme3g88e5rb3gsr?pid=MOBDU7V4KQHRFN6Z&ref=c2489b79-4767-41cd-bdb6-c6f6ea027213&srno=b_307,Rs. 787,,,,Forme Forever F8 Plus
http://www.flipkart.com/micromax-x084/p/itme3m7xsuqwhzn8?pid=MOBDZCPJEDZ8EVTF&ref=c2489b79-4767-41cd-bdb6-c6f6ea027213&srno=b_308,"Rs. 1,035",,,,Micromax X084
http://www.flipkart.com/lava-iris-x1-8-gb-rom/p/itme5hweemzy7zmx?pid=MOBDYWU9BNRYZJUR&ref=c2489b79-4767-41cd-bdb6-c6f6ea027213&srno=b_304,"Rs. 7,860",,,,Lava Iris X1 with 8 GB ROM
http://www.flipkart.com/intex-aqua-y2-pro/p/itmeysnnazh7h23c?pid=MOBEYSNN7MFK85YU&ref=c2489b79-4767-41cd-bdb6-c6f6ea027213&srno=b_305,"Rs. 4,190",,,,Intex Aqua Y2 Pro
http://www.flipkart.com/intex-aqua-y2-pro/p/itmeysnnazh7h23c?pid=MOBEYSNN7MFK85YU&primarySection=SELLER_TABLE&ref=c2489b79-4767-41cd-bdb6-c6f6ea027213&sellersSortedBy=PRICE&srno=b_305,"Rs. 4,190",,,,Intex Aqua Y2 Pro
http://www.flipkart.com/lava-iris-404-flair/p/itmdzrdv7mfcryhb?pid=MOBDZRDTA3NHEQGF&ref=c2489b79-4767-41cd-bdb6-c6f6ea027213&srno=b_303,"Rs. 5,499",,,,Lava Iris 404 Flair
http://www.flipkart.com/sony-xperia-e3/p/itmey5zfv9jfzqw3?pid=MOBDZUAKGX4FT4YU&primarySection=SELLER_TABLE&ref=c2489b79-4767-41cd-bdb6-c6f6ea027213&sellersSortedBy=PRICE&srno=b_306,"Rs. 9,354",,,,Sony Xperia E3
http://www.flipkart.com/micromax-bolt-a58/p/itme5hwwyquhey3f?pid=MOBDPZNPRVNJRKAM&ref=c2489b79-4767-41cd-bdb6-c6f6ea027213&srno=b_301,"Rs. 3,804",,,,Micromax Bolt A58
http://www.flipkart.com/lava-c11s/p/itme3hfmhauckecz?pid=MOBEFCWVHDRBDPXT&ref=c2489b79-4767-41cd-bdb6-c6f6ea027213&srno=b_302,"Rs. 1,319",,,,Lava C11s
http://www.flipkart.com/sony-xperia-e3/p/itmey5zfv9jfzqw3?pid=MOBDZUAKGX4FT4YU&ref=c2489b79-4767-41cd-bdb6-c6f6ea027213&srno=b_306,"Rs. 9,354",,,,Sony Xperia E3
http://www.flipkart.com/nokia-215/p/itme4t6wf7utv8dc?pid=MOBE4T6VEP9ZRZHF&primarySection=SELLER_TABLE&ref=c2489b79-4767-41cd-bdb6-c6f6ea027213&sellersSortedBy=PRICE&srno=b_298,"Rs. 2,299",,,,Nokia 215
http://www.flipkart.com/samsung-galaxy-ace-nxt-g313h/p/itmdzm5hdsrzmyzc?pid=MOBDZM5BREYUEEUF&primarySection=SELLER_TABLE&ref=c2489b79-4767-41cd-bdb6-c6f6ea027213&sellersSortedBy=PRICE&srno=b_300,"Rs. 6,291",,,,Samsung Galaxy Ace NXT G313H
http://www.flipkart.com/karbonn-k-phone-1/p/itme3m7wyfnrvamz?pid=MOBDN8MRFQQHA9UE&primarySection=SELLER_TABLE&ref=c2489b79-4767-41cd-bdb6-c6f6ea027213&sellersSortedBy=PRICE&srno=b_297,"Rs. 1,325",,,,Karbonn K-Phone 1
http://www.flipkart.com/sony-xperia-c/p/itme5huy4kbpmgnc?pid=MOBDP6W69AT2FWKK&ref=c2489b79-4767-41cd-bdb6-c6f6ea027213&srno=b_299,"Rs. 11,999",,,,Sony Xperia C
http://www.flipkart.com/karbonn-k-phone-1/p/itme3m7wyfnrvamz?pid=MOBDN8MRFQQHA9UE&ref=c2489b79-4767-41cd-bdb6-c6f6ea027213&srno=b_297,"Rs. 1,325",,,,Karbonn K-Phone 1
http://www.flipkart.com/samsung-galaxy-ace-nxt-g313h/p/itmdzm5hdsrzmyzc?pid=MOBDZM5BREYUEEUF&ref=c2489b79-4767-41cd-bdb6-c6f6ea027213&srno=b_300,"Rs. 6,291",,,,Samsung Galaxy Ace NXT G313H
http://www.flipkart.com/sony-xperia-c/p/itme5huy4kbpmgnc?pid=MOBDP6W69AT2FWKK&primarySection=SELLER_TABLE&ref=c2489b79-4767-41cd-bdb6-c6f6ea027213&sellersSortedBy=PRICE&srno=b_299,"Rs. 11,999",,,,Sony Xperia C
http://www.flipkart.com/nokia-215/p/itme4t6wf7utv8dc?pid=MOBE4T6VEP9ZRZHF&ref=c2489b79-4767-41cd-bdb6-c6f6ea027213&srno=b_298,"Rs. 2,299",,,,Nokia 215
http://www.flipkart.com/apple-iphone-6/p/itme3m7xkkqzrqdt?pid=MOBEYHZ28FRMNDCW&primarySection=SELLER_TABLE&ref=c2489b79-4767-41cd-bdb6-c6f6ea027213&sellersSortedBy=PRICE&srno=b_296,"Rs. 62,500",,,,Apple iPhone 6
http://www.flipkart.com/apple-iphone-6/p/itme3m7xkkqzrqdt?pid=MOBEYHZ28FRMNDCW&ref=c2489b79-4767-41cd-bdb6-c6f6ea027213&srno=b_296,"Rs. 62,500",,,,Apple iPhone 6
